"reactionId","reaction","lowerBound","upperBound"
"1","r_FW_1_Extern","CO2[e] -> ",0,1e+06
"2","r_FW_2_Extern","EXP[e] -> ",0,1e+06
"3","r_FW_3_Extern","IMP[e] -> ",-2170.85625766136,-2170.85625766136
"4","r_FW_3_6","IMP[e] -> PHYTOPLANKTON[e]",0,799.057783441097
"5","r_FW_3_8","IMP[e] -> MACROZOOPLANKTON[e]",0,19.4786746581632
"6","r_FW_3_10","IMP[e] -> SUPRABENTHOS[c]",0,94.2183489445225
"7","r_FW_3_14","IMP[e] -> SHRIMPS[c]",0,98.3836208407914
"8","r_FW_3_15","IMP[e] -> NORWAY_LOBSTER[c]",0,0.277896939024202
"9","r_FW_3_16","IMP[e] -> MANTIS_SHRIMP[c]",0,0.489873027400599
"10","r_FW_3_17","IMP[e] -> CRABS[c]",0,4.87661628780074
"11","r_FW_3_18","IMP[e] -> BENTHIC_CEPHALOPODS[c]",0,1.0449989309253
"12","r_FW_3_19","IMP[e] -> SQUIDS[c]",0,1.58773115877094
"13","r_FW_3_20","IMP[e] -> HAKE_1[c]",0,3.19213656311112
"14","r_FW_3_22","IMP[e] -> OTHER_GADIFORMES[c]",0,3.42114540349311
"15","r_FW_3_23","IMP[e] -> RED_MULLETS[c]",0,0.347083841201561
"16","r_FW_3_24","IMP[e] -> CONGER_EEL[c]",0,0.0777720229336232
"17","r_FW_3_25","IMP[e] -> ANGLERFISH[c]",0,0.0532483965255416
"18","r_FW_3_26","IMP[e] -> FLATFISH[c]",0,2.17880559344853
"19","r_FW_3_30","IMP[e] -> DEMERSAL_FISH_1[c]",0,5.75118970617744
"20","r_FW_3_31","IMP[e] -> DEMERSAL_FISH_2[c]",0,421.995963326897
"21","r_FW_3_33","IMP[e] -> EUROPEAN_ANCHOVY[c]",0,24.954606529962
"22","r_FW_3_34","IMP[e] -> EUROPEAN_PILCHARD[c]",0,4.2069185274814
"23","r_FW_3_38","IMP[e] -> ATLANTIC_BONITO[c]",0,33.6474177421085
"24","r_FW_3_39","IMP[e] -> LARGE_PELAGIC_FISH[c]",0,6.9552668605468
"25","r_FW_3_40","IMP[e] -> DOLPHINS[c]",0,28.4619827931456
"26","r_FW_3_41","IMP[e] -> LOGGERHEAD_TURTLE[c]",0,0.614014739717052
"27","r_FW_3_42","IMP[e] -> SEA_BIRDS[c]",0,0.107378535088198
"28","r_FW_3_43","IMP[e] -> DISCARD[c]",0,524.334917522891
"29","r_FW_3_44","IMP[e] -> DETRITUS[e]",0,91.1408653281387
"30","r_FW_4_Extern","LAND[e] -> ",0,1e+06
"31","r_FW_5_Extern","WATER[e] -> ",-3343.23076976681,-3343.23076976681
"32","r_FW_5_9","WATER[e] -> JELLYFISH[c]",0,13.3414587337318
"33","r_FW_5_10","WATER[e] -> SUPRABENTHOS[c]",0,984.260816999673
"34","r_FW_5_11","WATER[e] -> POLYCHAETES[c]",0,34.7179770627725
"35","r_FW_5_12","WATER[e] -> COMMERCIAL_BIVALVES_AND_GASTROP[c]",0,1.34471490967648
"36","r_FW_5_13","WATER[e] -> BENTHIC_INVERTEBRATES[c]",0,309.457317529859
"37","r_FW_5_14","WATER[e] -> SHRIMPS[c]",0,8.79714724116667
"38","r_FW_5_15","WATER[e] -> NORWAY_LOBSTER[c]",0,0.122714881952249
"39","r_FW_5_16","WATER[e] -> MANTIS_SHRIMP[c]",0,0.178492718757431
"40","r_FW_5_17","WATER[e] -> CRABS[c]",0,0.0617842226168082
"41","r_FW_5_18","WATER[e] -> BENTHIC_CEPHALOPODS[c]",0,0.227813714791062
"42","r_FW_5_19","WATER[e] -> SQUIDS[c]",0,4.34674058268444
"43","r_FW_5_20","WATER[e] -> HAKE_1[c]",0,1.45844366913287
"44","r_FW_5_21","WATER[e] -> HAKE_2[c]",0,6.40808288779062
"45","r_FW_5_22","WATER[e] -> OTHER_GADIFORMES[c]",0,4.66974484773234
"46","r_FW_5_23","WATER[e] -> RED_MULLETS[c]",0,0.0906836514172556
"47","r_FW_5_24","WATER[e] -> CONGER_EEL[c]",0,1.33551697680679
"48","r_FW_5_25","WATER[e] -> ANGLERFISH[c]",0,1.11924513996928
"49","r_FW_5_26","WATER[e] -> FLATFISH[c]",0,3.56162592527391
"50","r_FW_5_27","WATER[e] -> TURBOT_AND_BRILL[c]",0,8.85555929225978
"51","r_FW_5_28","WATER[e] -> DEMERSAL_SHARKS[c]",0,1.18730975910524
"52","r_FW_5_29","WATER[e] -> DEMERSAL_SKATES[c]",0,0.853086769869798
"53","r_FW_5_30","WATER[e] -> DEMERSAL_FISH_1[c]",0,6.12962410081847
"54","r_FW_5_31","WATER[e] -> DEMERSAL_FISH_2[c]",0,50.4108958290081
"55","r_FW_5_32","WATER[e] -> BENTOPELAGIC_FISH[c]",0,466.994814326203
"56","r_FW_5_33","WATER[e] -> EUROPEAN_ANCHOVY[c]",0,418.644382237911
"57","r_FW_5_34","WATER[e] -> EUROPEAN_PILCHARD[c]",0,347.729942793442
"58","r_FW_5_35","WATER[e] -> OTHER_SMALL_PELAGIC_FISH[c]",0,235.361705276443
"59","r_FW_5_36","WATER[e] -> HORSE_MACKAREL[c]",0,33.1769745231822
"60","r_FW_5_37","WATER[e] -> MACKAREL[c]",0,327.065074537388
"61","r_FW_5_38","WATER[e] -> ATLANTIC_BONITO[c]",0,54.0183362606927
"62","r_FW_5_39","WATER[e] -> LARGE_PELAGIC_FISH[c]",0,11.2296318870212
"63","r_FW_5_40","WATER[e] -> DOLPHINS[c]",0,5.22241771718246
"64","r_FW_5_41","WATER[e] -> LOGGERHEAD_TURTLE[c]",0,0.850692760480006
"65","r_FW_6_Extern","PHYTOPLANKTON[e] -> ",0,1.93267624126747e-12
"66","r_FW_6_7","PHYTOPLANKTON[e] -> MICRO_AND_MESOZOOPLANKTON[e]",0,761.611237912663
"67","r_FW_6_8","PHYTOPLANKTON[e] -> MACROZOOPLANKTON[e]",0,7.08800617214731
"68","r_FW_6_9","PHYTOPLANKTON[e] -> JELLYFISH[c]",0,24.9377989357248
"69","r_FW_6_34","PHYTOPLANKTON[e] -> EUROPEAN_PILCHARD[c]",0,5.42074042055997
"70","r_FW_7_Extern","MICRO_AND_MESOZOOPLANKTON[e] -> ",-1.78260961547494e-10,0
"71","r_FW_7_1","MICRO_AND_MESOZOOPLANKTON[e] -> CO2[e]",0,159.651752401053
"72","r_FW_7_2","MICRO_AND_MESOZOOPLANKTON[e] -> EXP[e]",0,50.7495331843241
"73","r_FW_7_8","MICRO_AND_MESOZOOPLANKTON[e] -> MACROZOOPLANKTON[e]",0,56.7040493771916
"74","r_FW_7_9","MICRO_AND_MESOZOOPLANKTON[e] -> JELLYFISH[c]",0,374.066984035963
"75","r_FW_7_10","MICRO_AND_MESOZOOPLANKTON[e] -> SUPRABENTHOS[c]",0,13.5615584156874
"76","r_FW_7_32","MICRO_AND_MESOZOOPLANKTON[e] -> BENTOPELAGIC_FISH[c]",0,6.39441128891253
"77","r_FW_7_33","MICRO_AND_MESOZOOPLANKTON[e] -> EUROPEAN_ANCHOVY[c]",0,40.7531399981997
"78","r_FW_7_34","MICRO_AND_MESOZOOPLANKTON[e] -> EUROPEAN_PILCHARD[c]",0,62.3385148364522
"79","r_FW_7_35","MICRO_AND_MESOZOOPLANKTON[e] -> OTHER_SMALL_PELAGIC_FISH[c]",0,33.8437350813263
"80","r_FW_7_36","MICRO_AND_MESOZOOPLANKTON[e] -> HORSE_MACKAREL[c]",0,12.3942404502608
"81","r_FW_7_37","MICRO_AND_MESOZOOPLANKTON[e] -> MACKAREL[c]",0,5.56971363438152
"82","r_FW_7_44","MICRO_AND_MESOZOOPLANKTON[e] -> DETRITUS[e]",0,297.096484245783
"83","r_FW_8_Extern","MACROZOOPLANKTON[e] -> ",-1.4495071809506e-12,0
"84","r_FW_8_17","MACROZOOPLANKTON[e] -> CRABS[c]",0,0.00105150762748673
"85","r_FW_8_22","MACROZOOPLANKTON[e] -> OTHER_GADIFORMES[c]",0,0.00939094867015719
"86","r_FW_8_30","MACROZOOPLANKTON[e] -> DEMERSAL_FISH_1[c]",0,0.0849861217613523
"87","r_FW_8_32","MACROZOOPLANKTON[e] -> BENTOPELAGIC_FISH[c]",0,16.1044432461504
"88","r_FW_8_35","MACROZOOPLANKTON[e] -> OTHER_SMALL_PELAGIC_FISH[c]",0,8.46093377033143
"89","r_FW_8_36","MACROZOOPLANKTON[e] -> HORSE_MACKAREL[c]",0,15.6075620484774
"90","r_FW_8_37","MACROZOOPLANKTON[e] -> MACKAREL[c]",0,0.506337603125658
"91","r_FW_8_44","MACROZOOPLANKTON[e] -> DETRITUS[e]",0,42.4960249613598
"92","r_FW_9_1","JELLYFISH[c] -> CO2[e]",0,128.542286432008
"93","r_FW_9_2","JELLYFISH[c] -> EXP[e]",0,122.673696611028
"94","r_FW_9_44","JELLYFISH[c] -> DETRITUS[e]",0,235.943655469578
"95","r_FW_10_1","SUPRABENTHOS[c] -> CO2[e]",0,83.824044340334
"96","r_FW_10_14","SUPRABENTHOS[c] -> SHRIMPS[c]",0,17.0804982536994
"97","r_FW_10_15","SUPRABENTHOS[c] -> NORWAY_LOBSTER[c]",0,0.0842204498659426
"98","r_FW_10_16","SUPRABENTHOS[c] -> MANTIS_SHRIMP[c]",0,0.126330674800336
"99","r_FW_10_17","SUPRABENTHOS[c] -> CRABS[c]",0,0.0611521731366851
"100","r_FW_10_22","SUPRABENTHOS[c] -> OTHER_GADIFORMES[c]",0,1.74246652041602
"101","r_FW_10_26","SUPRABENTHOS[c] -> FLATFISH[c]",0,0.599128766059662
"102","r_FW_10_29","SUPRABENTHOS[c] -> DEMERSAL_SKATES[c]",0,0.0435877766853223
"103","r_FW_10_30","SUPRABENTHOS[c] -> DEMERSAL_FISH_1[c]",0,3.88340001818815
"104","r_FW_10_31","SUPRABENTHOS[c] -> DEMERSAL_FISH_2[c]",0,0.559499596773811
"105","r_FW_10_32","SUPRABENTHOS[c] -> BENTOPELAGIC_FISH[c]",0,9.83803208240222
"106","r_FW_10_36","SUPRABENTHOS[c] -> HORSE_MACKAREL[c]",0,114.413912096728
"107","r_FW_10_37","SUPRABENTHOS[c] -> MACKAREL[c]",0,119.890968652347
"108","r_FW_10_44","SUPRABENTHOS[c] -> DETRITUS[e]",0,868.778196068979
"109","r_FW_11_1","POLYCHAETES[c] -> CO2[e]",0,52.5772766891352
"110","r_FW_11_2","POLYCHAETES[c] -> EXP[e]",0,51.3716191129115
"111","r_FW_11_14","POLYCHAETES[c] -> SHRIMPS[c]",0,0.135700461090322
"112","r_FW_11_16","POLYCHAETES[c] -> MANTIS_SHRIMP[c]",0,0.0132707068567582
"113","r_FW_11_17","POLYCHAETES[c] -> CRABS[c]",0,0.0589947776614997
"114","r_FW_11_18","POLYCHAETES[c] -> BENTHIC_CEPHALOPODS[c]",0,0.00998906171929099
"115","r_FW_11_22","POLYCHAETES[c] -> OTHER_GADIFORMES[c]",0,0.00702504878846222
"116","r_FW_11_23","POLYCHAETES[c] -> RED_MULLETS[c]",0,0.305644778324016
"117","r_FW_11_26","POLYCHAETES[c] -> FLATFISH[c]",0,0.0122604368798477
"118","r_FW_11_29","POLYCHAETES[c] -> DEMERSAL_SKATES[c]",0,0.000588700529623544
"119","r_FW_11_30","POLYCHAETES[c] -> DEMERSAL_FISH_1[c]",0,0.0715221253745912
"120","r_FW_11_31","POLYCHAETES[c] -> DEMERSAL_FISH_2[c]",0,0.0755665312738015
"121","r_FW_11_36","POLYCHAETES[c] -> HORSE_MACKAREL[c]",0,0.515094947725892
"122","r_FW_11_44","POLYCHAETES[c] -> DETRITUS[e]",0,213.90649937211
"123","r_FW_12_2","COMMERCIAL_BIVALVES_AND_GASTROP[c] -> EXP[e]",0,0.131840152588212
"124","r_FW_12_4","COMMERCIAL_BIVALVES_AND_GASTROP[c] -> LAND[e]",0,0.436144172081299
"125","r_FW_12_44","COMMERCIAL_BIVALVES_AND_GASTROP[c] -> DETRITUS[e]",0,1.1091769359143
"126","r_FW_13_1","BENTHIC_INVERTEBRATES[c] -> CO2[e]",0,231.271077806587
"127","r_FW_13_2","BENTHIC_INVERTEBRATES[c] -> EXP[e]",0,293.303369350119
"128","r_FW_13_14","BENTHIC_INVERTEBRATES[c] -> SHRIMPS[c]",0,14.529726988029
"129","r_FW_13_15","BENTHIC_INVERTEBRATES[c] -> NORWAY_LOBSTER[c]",0,0.054806984888559
"130","r_FW_13_16","BENTHIC_INVERTEBRATES[c] -> MANTIS_SHRIMP[c]",0,0.142092183044617
"131","r_FW_13_17","BENTHIC_INVERTEBRATES[c] -> CRABS[c]",0,0.0126333839438467
"132","r_FW_13_18","BENTHIC_INVERTEBRATES[c] -> BENTHIC_CEPHALOPODS[c]",0,0.935855679263642
"133","r_FW_13_20","BENTHIC_INVERTEBRATES[c] -> HAKE_1[c]",0,0.0943720012704162
"134","r_FW_13_23","BENTHIC_INVERTEBRATES[c] -> RED_MULLETS[c]",0,0.193380991596751
"135","r_FW_13_27","BENTHIC_INVERTEBRATES[c] -> TURBOT_AND_BRILL[c]",0,0.00792368689912896
"136","r_FW_13_28","BENTHIC_INVERTEBRATES[c] -> DEMERSAL_SHARKS[c]",0,0.0417863196193478
"137","r_FW_13_30","BENTHIC_INVERTEBRATES[c] -> DEMERSAL_FISH_1[c]",0,0.382901040625771
"138","r_FW_13_31","BENTHIC_INVERTEBRATES[c] -> DEMERSAL_FISH_2[c]",0,2.42731909682358
"139","r_FW_13_41","BENTHIC_INVERTEBRATES[c] -> LOGGERHEAD_TURTLE[c]",0,0.298500420621658
"140","r_FW_13_43","BENTHIC_INVERTEBRATES[c] -> DISCARD[c]",0,1.21674592832759
"141","r_FW_13_44","BENTHIC_INVERTEBRATES[c] -> DETRITUS[e]",0,381.21734398021
"142","r_FW_14_2","SHRIMPS[c] -> EXP[e]",0,106.75651421835
"143","r_FW_14_4","SHRIMPS[c] -> LAND[e]",0,0.135876100572648
"144","r_FW_14_15","SHRIMPS[c] -> NORWAY_LOBSTER[c]",0,0.0836453275127069
"145","r_FW_14_16","SHRIMPS[c] -> MANTIS_SHRIMP[c]",0,0.0522783296955283
"146","r_FW_14_17","SHRIMPS[c] -> CRABS[c]",0,0.0108454605026292
"147","r_FW_14_19","SHRIMPS[c] -> SQUIDS[c]",0,0.044958004776966
"148","r_FW_14_20","SHRIMPS[c] -> HAKE_1[c]",0,0.0648128999730842
"149","r_FW_14_22","SHRIMPS[c] -> OTHER_GADIFORMES[c]",0,0.0753356547370043
"150","r_FW_14_24","SHRIMPS[c] -> CONGER_EEL[c]",0,0.0794238269127699
"151","r_FW_14_25","SHRIMPS[c] -> ANGLERFISH[c]",0,0.0140020321642334
"152","r_FW_14_26","SHRIMPS[c] -> FLATFISH[c]",0,0.0525916939520099
"153","r_FW_14_28","SHRIMPS[c] -> DEMERSAL_SHARKS[c]",0,0.088827302298315
"154","r_FW_14_29","SHRIMPS[c] -> DEMERSAL_SKATES[c]",0,0.0559164122882197
"155","r_FW_14_31","SHRIMPS[c] -> DEMERSAL_FISH_2[c]",0,0.463065750751282
"156","r_FW_14_36","SHRIMPS[c] -> HORSE_MACKAREL[c]",0,1.57823063104703
"157","r_FW_14_37","SHRIMPS[c] -> MACKAREL[c]",0,6.96329008267665
"158","r_FW_14_39","SHRIMPS[c] -> LARGE_PELAGIC_FISH[c]",0,0.256535776332213
"159","r_FW_14_43","SHRIMPS[c] -> DISCARD[c]",0,0.144368356858812
"160","r_FW_14_44","SHRIMPS[c] -> DETRITUS[e]",0,23.0411897545909
"161","r_FW_15_4","NORWAY_LOBSTER[c] -> LAND[e]",0,0.345307494867525
"162","r_FW_15_25","NORWAY_LOBSTER[c] -> ANGLERFISH[c]",0,0.0487275538434831
"163","r_FW_15_26","NORWAY_LOBSTER[c] -> FLATFISH[c]",0,0.0412829109065725
"164","r_FW_15_28","NORWAY_LOBSTER[c] -> DEMERSAL_SHARKS[c]",0,0.0525632668265483
"165","r_FW_15_44","NORWAY_LOBSTER[c] -> DETRITUS[e]",0,0.556038393087315
"166","r_FW_16_4","MANTIS_SHRIMP[c] -> LAND[e]",0,0.701145779365536
"167","r_FW_16_28","MANTIS_SHRIMP[c] -> DEMERSAL_SHARKS[c]",0,0.00783530408418866
"168","r_FW_16_44","MANTIS_SHRIMP[c] -> DETRITUS[e]",0,0.44698043434675
"169","r_FW_17_4","CRABS[c] -> LAND[e]",0,0.0124573669147892
"170","r_FW_17_14","CRABS[c] -> SHRIMPS[c]",0,0.304956342077572
"171","r_FW_17_15","CRABS[c] -> NORWAY_LOBSTER[c]",0,0.281187686003939
"172","r_FW_17_16","CRABS[c] -> MANTIS_SHRIMP[c]",0,0.0596458727884081
"173","r_FW_17_18","CRABS[c] -> BENTHIC_CEPHALOPODS[c]",0,0.359170802890966
"174","r_FW_17_19","CRABS[c] -> SQUIDS[c]",0,0.0329746502238415
"175","r_FW_17_20","CRABS[c] -> HAKE_1[c]",0,0.221840790020954
"176","r_FW_17_21","CRABS[c] -> HAKE_2[c]",0,0.838879088051605
"177","r_FW_17_22","CRABS[c] -> OTHER_GADIFORMES[c]",0,0.149978600367218
"178","r_FW_17_23","CRABS[c] -> RED_MULLETS[c]",0,0.237281696311963
"179","r_FW_17_24","CRABS[c] -> CONGER_EEL[c]",0,0.0582537620358843
"180","r_FW_17_26","CRABS[c] -> FLATFISH[c]",0,0.0936787763317059
"181","r_FW_17_28","CRABS[c] -> DEMERSAL_SHARKS[c]",0,0.0200463948395617
"182","r_FW_17_29","CRABS[c] -> DEMERSAL_SKATES[c]",0,0.0132297236635704
"183","r_FW_17_30","CRABS[c] -> DEMERSAL_FISH_1[c]",0,0.294671539952574
"184","r_FW_17_31","CRABS[c] -> DEMERSAL_FISH_2[c]",0,0.254728238676559
"185","r_FW_17_37","CRABS[c] -> MACKAREL[c]",0,0.638407042367996
"186","r_FW_17_41","CRABS[c] -> LOGGERHEAD_TURTLE[c]",0,0.0050626739141954
"187","r_FW_17_43","CRABS[c] -> DISCARD[c]",0,1.10247697197136
"188","r_FW_17_44","CRABS[c] -> DETRITUS[e]",0,0.128373166058307
"189","r_FW_18_4","BENTHIC_CEPHALOPODS[c] -> LAND[e]",0,0.920887248919783
"190","r_FW_18_15","BENTHIC_CEPHALOPODS[c] -> NORWAY_LOBSTER[c]",0,0.00981641888205967
"191","r_FW_18_19","BENTHIC_CEPHALOPODS[c] -> SQUIDS[c]",0,0.28491294715616
"192","r_FW_18_21","BENTHIC_CEPHALOPODS[c] -> HAKE_2[c]",0,0.55755537070958
"193","r_FW_18_25","BENTHIC_CEPHALOPODS[c] -> ANGLERFISH[c]",0,0.00821622779241193
"194","r_FW_18_28","BENTHIC_CEPHALOPODS[c] -> DEMERSAL_SHARKS[c]",0,0.105849411497421
"195","r_FW_18_29","BENTHIC_CEPHALOPODS[c] -> DEMERSAL_SKATES[c]",0,0.0139711751195802
"196","r_FW_18_31","BENTHIC_CEPHALOPODS[c] -> DEMERSAL_FISH_2[c]",0,0.163032921782731
"197","r_FW_18_43","BENTHIC_CEPHALOPODS[c] -> DISCARD[c]",0,0.0119595746609918
"198","r_FW_18_44","BENTHIC_CEPHALOPODS[c] -> DETRITUS[e]",0,0.951503760052685
"199","r_FW_19_4","SQUIDS[c] -> LAND[e]",0,1.19709773091783
"200","r_FW_19_25","SQUIDS[c] -> ANGLERFISH[c]",0,0.080234745477472
"201","r_FW_19_29","SQUIDS[c] -> DEMERSAL_SKATES[c]",0,0.00620155019563682
"202","r_FW_19_39","SQUIDS[c] -> LARGE_PELAGIC_FISH[c]",0,2.00455474917574
"203","r_FW_19_40","SQUIDS[c] -> DOLPHINS[c]",0,0.115727233324329
"204","r_FW_19_44","SQUIDS[c] -> DETRITUS[e]",0,13.6410746313396
"205","r_FW_20_4","HAKE_1[c] -> LAND[e]",0,2.93261326529828
"206","r_FW_20_43","HAKE_1[c] -> DISCARD[c]",0,1.81666308469781
"207","r_FW_20_44","HAKE_1[c] -> DETRITUS[e]",0,5.04513290950494
"208","r_FW_21_2","HAKE_2[c] -> EXP[e]",0,7.11624775429994
"209","r_FW_21_44","HAKE_2[c] -> DETRITUS[e]",0,19.213868936602
"210","r_FW_22_4","OTHER_GADIFORMES[c] -> LAND[e]",0,1.32884373504473
"211","r_FW_22_25","OTHER_GADIFORMES[c] -> ANGLERFISH[c]",0,0.131459853018734
"212","r_FW_22_43","OTHER_GADIFORMES[c] -> DISCARD[c]",0,4.41176120034596
"213","r_FW_22_44","OTHER_GADIFORMES[c] -> DETRITUS[e]",0,4.28525527677386
"214","r_FW_23_4","RED_MULLETS[c] -> LAND[e]",0,0.461960125569872
"215","r_FW_23_27","RED_MULLETS[c] -> TURBOT_AND_BRILL[c]",0,0.0792921558391306
"216","r_FW_23_29","RED_MULLETS[c] -> DEMERSAL_SKATES[c]",0,0.00175214876195103
"217","r_FW_23_44","RED_MULLETS[c] -> DETRITUS[e]",0,0.631070528680463
"218","r_FW_24_29","CONGER_EEL[c] -> DEMERSAL_SKATES[c]",0,0.0131644705681573
"219","r_FW_24_40","CONGER_EEL[c] -> DOLPHINS[c]",0,0.163774938941873
"220","r_FW_24_43","CONGER_EEL[c] -> DISCARD[c]",0,0.495836932917817
"221","r_FW_24_44","CONGER_EEL[c] -> DETRITUS[e]",0,1.40383831632023
"222","r_FW_25_4","ANGLERFISH[c] -> LAND[e]",0,0.490445757453037
"223","r_FW_25_44","ANGLERFISH[c] -> DETRITUS[e]",0,1.48815255546428
"224","r_FW_26_4","FLATFISH[c] -> LAND[e]",0,2.56849778261916
"225","r_FW_26_25","FLATFISH[c] -> ANGLERFISH[c]",0,0.0882278988296452
"226","r_FW_26_27","FLATFISH[c] -> TURBOT_AND_BRILL[c]",0,0.274315563185551
"227","r_FW_26_42","FLATFISH[c] -> SEA_BIRDS[c]",0,0.074178510366516
"228","r_FW_26_44","FLATFISH[c] -> DETRITUS[e]",0,4.85446080915205
"229","r_FW_27_2","TURBOT_AND_BRILL[c] -> EXP[e]",0,2.51111266878198
"230","r_FW_27_4","TURBOT_AND_BRILL[c] -> LAND[e]",0,1.03065473557196
"231","r_FW_27_29","TURBOT_AND_BRILL[c] -> DEMERSAL_SKATES[c]",0,0.0684097080745303
"232","r_FW_27_42","TURBOT_AND_BRILL[c] -> SEA_BIRDS[c]",0,0.0744135672438878
"233","r_FW_27_44","TURBOT_AND_BRILL[c] -> DETRITUS[e]",0,10.0746500402224
"234","r_FW_28_2","DEMERSAL_SHARKS[c] -> EXP[e]",0,0.100354641732666
"235","r_FW_28_4","DEMERSAL_SHARKS[c] -> LAND[e]",0,0.240370399362567
"236","r_FW_28_44","DEMERSAL_SHARKS[c] -> DETRITUS[e]",0,2.07680025048143
"237","r_FW_29_2","DEMERSAL_SKATES[c] -> EXP[e]",0,0.06721544545589
"238","r_FW_29_4","DEMERSAL_SKATES[c] -> LAND[e]",0,0.120285335466649
"239","r_FW_29_44","DEMERSAL_SKATES[c] -> DETRITUS[e]",0,1.07715517909454
"240","r_FW_30_4","DEMERSAL_FISH_1[c] -> LAND[e]",0,1.51134217687595
"241","r_FW_30_15","DEMERSAL_FISH_1[c] -> NORWAY_LOBSTER[c]",0,0.0676641632057336
"242","r_FW_30_16","DEMERSAL_FISH_1[c] -> MANTIS_SHRIMP[c]",0,0.0939780044528032
"243","r_FW_30_18","DEMERSAL_FISH_1[c] -> BENTHIC_CEPHALOPODS[c]",0,0.396136524033136
"244","r_FW_30_19","DEMERSAL_FISH_1[c] -> SQUIDS[c]",0,0.436420662784917
"245","r_FW_30_20","DEMERSAL_FISH_1[c] -> HAKE_1[c]",0,0.279625781670732
"246","r_FW_30_21","DEMERSAL_FISH_1[c] -> HAKE_2[c]",0,0.28468190822592
"247","r_FW_30_25","DEMERSAL_FISH_1[c] -> ANGLERFISH[c]",0,0.249190098123583
"248","r_FW_30_26","DEMERSAL_FISH_1[c] -> FLATFISH[c]",0,0.19448500711135
"249","r_FW_30_27","DEMERSAL_FISH_1[c] -> TURBOT_AND_BRILL[c]",0,1.58476592772326
"250","r_FW_30_28","DEMERSAL_FISH_1[c] -> DEMERSAL_SHARKS[c]",0,0.15476693470272
"251","r_FW_30_29","DEMERSAL_FISH_1[c] -> DEMERSAL_SKATES[c]",0,0.0700383443711097
"252","r_FW_30_31","DEMERSAL_FISH_1[c] -> DEMERSAL_FISH_2[c]",0,1.87296514137898
"253","r_FW_30_40","DEMERSAL_FISH_1[c] -> DOLPHINS[c]",0,0.544577804751609
"254","r_FW_30_42","DEMERSAL_FISH_1[c] -> SEA_BIRDS[c]",0,0.184114083445379
"255","r_FW_30_43","DEMERSAL_FISH_1[c] -> DISCARD[c]",0,1.40142638219438
"256","r_FW_30_44","DEMERSAL_FISH_1[c] -> DETRITUS[e]",0,8.12497554288628
"257","r_FW_31_2","DEMERSAL_FISH_2[c] -> EXP[e]",0,444.43263672361
"258","r_FW_31_4","DEMERSAL_FISH_2[c] -> LAND[e]",0,0.799633163387382
"259","r_FW_31_20","DEMERSAL_FISH_2[c] -> HAKE_1[c]",0,0.254283345953614
"260","r_FW_31_21","DEMERSAL_FISH_2[c] -> HAKE_2[c]",0,1.03552494658366
"261","r_FW_31_22","DEMERSAL_FISH_2[c] -> OTHER_GADIFORMES[c]",0,0.0633359442467477
"262","r_FW_31_26","DEMERSAL_FISH_2[c] -> FLATFISH[c]",0,0.619006027189437
"263","r_FW_31_28","DEMERSAL_FISH_2[c] -> DEMERSAL_SHARKS[c]",0,0.20105776352156
"264","r_FW_31_29","DEMERSAL_FISH_2[c] -> DEMERSAL_SKATES[c]",0,0.0106151302454874
"265","r_FW_31_30","DEMERSAL_FISH_2[c] -> DEMERSAL_FISH_1[c]",0,0.429882788635986
"266","r_FW_31_42","DEMERSAL_FISH_2[c] -> SEA_BIRDS[c]",0,0.161654481893225
"267","r_FW_31_43","DEMERSAL_FISH_2[c] -> DISCARD[c]",0,0.0499770727070755
"268","r_FW_31_44","DEMERSAL_FISH_2[c] -> DETRITUS[e]",0,39.3419516386005
"269","r_FW_32_2","BENTOPELAGIC_FISH[c] -> EXP[e]",0,22.5374197346793
"270","r_FW_32_4","BENTOPELAGIC_FISH[c] -> LAND[e]",0,0.104157634739503
"271","r_FW_32_19","BENTOPELAGIC_FISH[c] -> SQUIDS[c]",0,0.275705259156802
"272","r_FW_32_20","BENTOPELAGIC_FISH[c] -> HAKE_1[c]",0,0.264977022780133
"273","r_FW_32_21","BENTOPELAGIC_FISH[c] -> HAKE_2[c]",0,1.07907309590702
"274","r_FW_32_24","BENTOPELAGIC_FISH[c] -> CONGER_EEL[c]",0,0.319112953434132
"275","r_FW_32_25","BENTOPELAGIC_FISH[c] -> ANGLERFISH[c]",0,0.186046367172783
"276","r_FW_32_26","BENTOPELAGIC_FISH[c] -> FLATFISH[c]",0,0.50681542700028
"277","r_FW_32_27","BENTOPELAGIC_FISH[c] -> TURBOT_AND_BRILL[c]",0,0.111240353903459
"278","r_FW_32_28","BENTOPELAGIC_FISH[c] -> DEMERSAL_SHARKS[c]",0,0.293318315187539
"279","r_FW_32_29","BENTOPELAGIC_FISH[c] -> DEMERSAL_SKATES[c]",0,0.0995538672850527
"280","r_FW_32_30","BENTOPELAGIC_FISH[c] -> DEMERSAL_FISH_1[c]",0,0.223980577744356
"281","r_FW_32_31","BENTOPELAGIC_FISH[c] -> DEMERSAL_FISH_2[c]",0,4.2596306303264
"282","r_FW_32_36","BENTOPELAGIC_FISH[c] -> HORSE_MACKAREL[c]",0,9.67850969590775
"283","r_FW_32_37","BENTOPELAGIC_FISH[c] -> MACKAREL[c]",0,26.6890138134698
"284","r_FW_32_42","BENTOPELAGIC_FISH[c] -> SEA_BIRDS[c]",0,0.24064675439557
"285","r_FW_32_44","BENTOPELAGIC_FISH[c] -> DETRITUS[e]",0,432.462499440575
"286","r_FW_33_4","EUROPEAN_ANCHOVY[c] -> LAND[e]",0,13.8107742292503
"287","r_FW_33_19","EUROPEAN_ANCHOVY[c] -> SQUIDS[c]",0,2.94815478909704
"288","r_FW_33_20","EUROPEAN_ANCHOVY[c] -> HAKE_1[c]",0,3.11677988734815
"289","r_FW_33_21","EUROPEAN_ANCHOVY[c] -> HAKE_2[c]",0,9.80787724699787
"290","r_FW_33_24","EUROPEAN_ANCHOVY[c] -> CONGER_EEL[c]",0,0.206535116624631
"291","r_FW_33_27","EUROPEAN_ANCHOVY[c] -> TURBOT_AND_BRILL[c]",0,1.78426292864816
"292","r_FW_33_28","EUROPEAN_ANCHOVY[c] -> DEMERSAL_SHARKS[c]",0,0.044807052196225
"293","r_FW_33_36","EUROPEAN_ANCHOVY[c] -> HORSE_MACKAREL[c]",0,20.6987308102695
"294","r_FW_33_38","EUROPEAN_ANCHOVY[c] -> ATLANTIC_BONITO[c]",0,5.30935167345393
"295","r_FW_33_39","EUROPEAN_ANCHOVY[c] -> LARGE_PELAGIC_FISH[c]",0,2.59984483549356
"296","r_FW_33_40","EUROPEAN_ANCHOVY[c] -> DOLPHINS[c]",0,0.183939464837108
"297","r_FW_33_42","EUROPEAN_ANCHOVY[c] -> SEA_BIRDS[c]",0,0.572552421033735
"298","r_FW_33_43","EUROPEAN_ANCHOVY[c] -> DISCARD[c]",0,0.139221514409519
"299","r_FW_33_44","EUROPEAN_ANCHOVY[c] -> DETRITUS[e]",0,423.129296796399
"300","r_FW_34_4","EUROPEAN_PILCHARD[c] -> LAND[e]",0,5.5131686029119
"301","r_FW_34_15","EUROPEAN_PILCHARD[c] -> NORWAY_LOBSTER[c]",0,0.0497275691133541
"302","r_FW_34_19","EUROPEAN_PILCHARD[c] -> SQUIDS[c]",0,3.28751455477054
"303","r_FW_34_20","EUROPEAN_PILCHARD[c] -> HAKE_1[c]",0,0.269721171650287
"304","r_FW_34_21","EUROPEAN_PILCHARD[c] -> HAKE_2[c]",0,3.29517846497245
"305","r_FW_34_27","EUROPEAN_PILCHARD[c] -> TURBOT_AND_BRILL[c]",0,0.647040007462934
"306","r_FW_34_28","EUROPEAN_PILCHARD[c] -> DEMERSAL_SHARKS[c]",0,0.219357467697464
"307","r_FW_34_29","EUROPEAN_PILCHARD[c] -> DEMERSAL_SKATES[c]",0,0.00965107426843719
"308","r_FW_34_30","EUROPEAN_PILCHARD[c] -> DEMERSAL_FISH_1[c]",0,0.0651402074932183
"309","r_FW_34_31","EUROPEAN_PILCHARD[c] -> DEMERSAL_FISH_2[c]",0,1.44529835374782
"310","r_FW_34_36","EUROPEAN_PILCHARD[c] -> HORSE_MACKAREL[c]",0,2.81479821224067
"311","r_FW_34_37","EUROPEAN_PILCHARD[c] -> MACKAREL[c]",0,7.76195826929749
"312","r_FW_34_38","EUROPEAN_PILCHARD[c] -> ATLANTIC_BONITO[c]",0,10.7270509102372
"313","r_FW_34_39","EUROPEAN_PILCHARD[c] -> LARGE_PELAGIC_FISH[c]",0,0.540723700618336
"314","r_FW_34_40","EUROPEAN_PILCHARD[c] -> DOLPHINS[c]",0,0.500274612512419
"315","r_FW_34_42","EUROPEAN_PILCHARD[c] -> SEA_BIRDS[c]",0,0.3324393277302
"316","r_FW_34_43","EUROPEAN_PILCHARD[c] -> DISCARD[c]",0,0.636134838797375
"317","r_FW_34_44","EUROPEAN_PILCHARD[c] -> DETRITUS[e]",0,381.580939232411
"318","r_FW_35_2","OTHER_SMALL_PELAGIC_FISH[c] -> EXP[e]",0,13.9925990437795
"319","r_FW_35_4","OTHER_SMALL_PELAGIC_FISH[c] -> LAND[e]",0,0.194547212462389
"320","r_FW_35_20","OTHER_SMALL_PELAGIC_FISH[c] -> HAKE_1[c]",0,0.577416126589024
"321","r_FW_35_21","OTHER_SMALL_PELAGIC_FISH[c] -> HAKE_2[c]",0,3.02326368166385
"322","r_FW_35_27","OTHER_SMALL_PELAGIC_FISH[c] -> TURBOT_AND_BRILL[c]",0,0.311664634364363
"323","r_FW_35_30","OTHER_SMALL_PELAGIC_FISH[c] -> DEMERSAL_FISH_1[c]",0,0.0697257209466116
"324","r_FW_35_31","OTHER_SMALL_PELAGIC_FISH[c] -> DEMERSAL_FISH_2[c]",0,0.884022533428229
"325","r_FW_35_36","OTHER_SMALL_PELAGIC_FISH[c] -> HORSE_MACKAREL[c]",0,3.0129445732708
"326","r_FW_35_38","OTHER_SMALL_PELAGIC_FISH[c] -> ATLANTIC_BONITO[c]",0,4.19541063674975
"327","r_FW_35_39","OTHER_SMALL_PELAGIC_FISH[c] -> LARGE_PELAGIC_FISH[c]",0,0.75687620272355
"328","r_FW_35_42","OTHER_SMALL_PELAGIC_FISH[c] -> SEA_BIRDS[c]",0,0.0187284859833097
"329","r_FW_35_43","OTHER_SMALL_PELAGIC_FISH[c] -> DISCARD[c]",0,0.0162122677041182
"330","r_FW_35_44","OTHER_SMALL_PELAGIC_FISH[c] -> DETRITUS[e]",0,250.612963008437
"331","r_FW_36_2","HORSE_MACKAREL[c] -> EXP[e]",0,24.8773103873223
"332","r_FW_36_4","HORSE_MACKAREL[c] -> LAND[e]",0,0.230183996738062
"333","r_FW_36_19","HORSE_MACKAREL[c] -> SQUIDS[c]",0,0.73115644723913
"334","r_FW_36_29","HORSE_MACKAREL[c] -> DEMERSAL_SKATES[c]",0,0.00488910809058972
"335","r_FW_36_31","HORSE_MACKAREL[c] -> DEMERSAL_FISH_2[c]",0,1.72582753394444
"336","r_FW_36_40","HORSE_MACKAREL[c] -> DOLPHINS[c]",0,0.380148870612403
"337","r_FW_36_43","HORSE_MACKAREL[c] -> DISCARD[c]",0,0.0230183996745872
"338","r_FW_36_44","HORSE_MACKAREL[c] -> DETRITUS[e]",0,185.918463245488
"339","r_FW_37_2","MACKAREL[c] -> EXP[e]",0,63.9800451305601
"340","r_FW_37_4","MACKAREL[c] -> LAND[e]",0,0.821158653255681
"341","r_FW_37_19","MACKAREL[c] -> SQUIDS[c]",0,3.06862158377051
"342","r_FW_37_27","MACKAREL[c] -> TURBOT_AND_BRILL[c]",0,0.103176169608127
"343","r_FW_37_31","MACKAREL[c] -> DEMERSAL_FISH_2[c]",0,0.658472633019997
"344","r_FW_37_38","MACKAREL[c] -> ATLANTIC_BONITO[c]",0,9.86839487413931
"345","r_FW_37_40","MACKAREL[c] -> DOLPHINS[c]",0,1.59546295982801
"346","r_FW_37_43","MACKAREL[c] -> DISCARD[c]",0,0.386427601529304
"347","r_FW_37_44","MACKAREL[c] -> DETRITUS[e]",0,414.603004029345
"348","r_FW_38_2","ATLANTIC_BONITO[c] -> EXP[e]",0,39.761761274541
"349","r_FW_38_4","ATLANTIC_BONITO[c] -> LAND[e]",0,1.1116988240796
"350","r_FW_38_44","ATLANTIC_BONITO[c] -> DETRITUS[e]",0,76.8925019987608
"351","r_FW_39_2","LARGE_PELAGIC_FISH[c] -> EXP[e]",0,8.54199568150843
"352","r_FW_39_4","LARGE_PELAGIC_FISH[c] -> LAND[e]",0,1.64624698104878
"353","r_FW_39_44","LARGE_PELAGIC_FISH[c] -> DETRITUS[e]",0,14.155191349354
"354","r_FW_40_2","DOLPHINS[c] -> EXP[e]",0,28.5186542910118
"355","r_FW_40_43","DOLPHINS[c] -> DISCARD[c]",0,0.0065897090601842
"356","r_FW_40_44","DOLPHINS[c] -> DETRITUS[e]",0,8.64306239506464
"357","r_FW_41_2","LOGGERHEAD_TURTLE[c] -> EXP[e]",0,0.634464154472481
"358","r_FW_41_43","LOGGERHEAD_TURTLE[c] -> DISCARD[c]",0,0.0568039298730802
"359","r_FW_41_44","LOGGERHEAD_TURTLE[c] -> DETRITUS[e]",0,1.07700251038714
"360","r_FW_42_2","SEA_BIRDS[c] -> EXP[e]",0,0.226361096082745
"361","r_FW_42_44","SEA_BIRDS[c] -> DETRITUS[e]",0,1.67065969049313
"362","r_FW_43_2","DISCARD[c] -> EXP[e]",0,526.844100138936
"363","r_FW_43_10","DISCARD[c] -> SUPRABENTHOS[c]",0,8.18684321091618
"364","r_FW_43_14","DISCARD[c] -> SHRIMPS[c]",0,0.730057489137745
"365","r_FW_43_15","DISCARD[c] -> NORWAY_LOBSTER[c]",0,0.0122391990824986
"366","r_FW_43_17","DISCARD[c] -> CRABS[c]",0,0.00634774250641041
"367","r_FW_43_18","DISCARD[c] -> BENTHIC_CEPHALOPODS[c]",0,0.0537403429501718
"368","r_FW_43_22","DISCARD[c] -> OTHER_GADIFORMES[c]",0,0.0188970967317993
"369","r_FW_43_30","DISCARD[c] -> DEMERSAL_FISH_1[c]",0,0.0641305402220041
"370","r_FW_43_31","DISCARD[c] -> DEMERSAL_FISH_2[c]",0,0.203270908740922
"371","r_FW_43_42","DISCARD[c] -> SEA_BIRDS[c]",0,0.130914619396169
"372","r_FW_44_Extern","DETRITUS[e] -> ",0,3010.42624045831
"373","r_FW_44_7","DETRITUS[e] -> MICRO_AND_MESOZOOPLANKTON[e]",0,351.512879036694
"374","r_FW_44_9","DETRITUS[e] -> JELLYFISH[c]",0,74.8133968071922
"375","r_FW_44_10","DETRITUS[e] -> SUPRABENTHOS[c]",0,120.697869899617
"376","r_FW_44_11","DETRITUS[e] -> POLYCHAETES[c]",0,284.343075687608
"377","r_FW_44_12","DETRITUS[e] -> COMMERCIAL_BIVALVES_AND_GASTROP[c]",0,0.332446350907272
"378","r_FW_44_13","DETRITUS[e] -> BENTHIC_INVERTEBRATES[c]",0,616.672518312052
"379","r_FW_44_17","DETRITUS[e] -> CRABS[c]",0,0.0178756296668993
"380","r_FW_1_connect","commonGroup[c] -> 4chlbiph[c]",0,1e+06
"381","r_FW_2_connect","commonGroup[c] -> Biph[c]",0,1e+06
"382","r_FW_3_connect","commonGroup[c] -> carbz[c]",0,1e+06
"383","r_FW_detritus_common","DETRITUS[e] -> DETRITI[c]",0,1e+06
"384","r_FW_water_common","WATER[e] -> commonGroup[c]",0,1e+06
"385","r_FW_discard_common","DISCARD[e] -> DETRITI[c]",0,1e+06
"386","r_FW_detriti_common","DETRITI[c] -> commonGroup[c]",0,1e+06
